{
  "id": "8d8387c2-0648-42ef-a347-923f02562c1f",
  "request_id": "80d35664-305a-443e-9528-3721d6782268",
  "status": "optimal",
  "total_supply_mwh": 1502.3150943396226,
  "total_demand_mwh": 1502.3150943396229,
  "balance_mwh": -2.2737367544323206e-13,
  "objective_value": 1502.3150943396229,
  "result_json": {
    "generators_t": {
      "Nuclear Plant US03": {
        "p": [
          39.905660377358494,
          36.003773584905666,
          33.19264150943396,
          32.6472641509434,
          33.52962264150944,
          40.10518867924529,
          53.739622641509435,
          72.3622641509434,
          87.61509433962266,
          77.63867924528303,
          67.17452830188681,
          61.45471698113207,
          60.6033962264151,
          56.776886792452835,
          53.63320754716981,
          56.48867924528303,
          63.84905660377358,
          78.39245283018869,
          88.036320754717,
          94,
          93.42358490566039,
          86.59528301886793,
          74.49056603773586,
          60.65660377358492
        ]
      }
    },
    "loads_t": {
      "House 1": {
        "p": [
          3.39622641509434,
          3.0641509433962275,
          2.824905660377359,
          2.7784905660377364,
          2.853584905660378,
          3.4132075471698116,
          4.573584905660378,
          6.158490566037736,
          7.456603773584907,
          6.607547169811322,
          5.716981132075473,
          5.230188679245283,
          5.157735849056604,
          4.832075471698114,
          4.564528301886792,
          4.807547169811322,
          5.433962264150944,
          6.671698113207548,
          7.49245283018868,
          8,
          7.950943396226417,
          7.369811320754717,
          6.339622641509434,
          5.162264150943397
        ]
      },
      "House 2": {
        "p": [
          4.245283018867926,
          3.8301886792452846,
          3.5311320754716986,
          3.4731132075471702,
          3.5669811320754725,
          4.2665094339622645,
          5.716981132075473,
          7.69811320754717,
          9.320754716981133,
          8.259433962264152,
          7.1462264150943415,
          6.537735849056604,
          6.447169811320755,
          6.040094339622643,
          5.70566037735849,
          6.009433962264152,
          6.7924528301886795,
          8.339622641509436,
          9.36556603773585,
          10,
          9.938679245283021,
          9.212264150943398,
          7.924528301886793,
          6.452830188679246
        ]
      },
      "House 3": {
        "p": [
          5.0943396226415105,
          4.596226415094341,
          4.237358490566038,
          4.167735849056605,
          4.280377358490567,
          5.119811320754717,
          6.860377358490567,
          9.237735849056605,
          11.18490566037736,
          9.911320754716982,
          8.575471698113208,
          7.845283018867924,
          7.736603773584907,
          7.248113207547171,
          6.846792452830188,
          7.211320754716983,
          8.150943396226417,
          10.007547169811323,
          11.23867924528302,
          12,
          11.926415094339625,
          11.054716981132076,
          9.50943396226415,
          7.743396226415095
        ]
      },
      "House 4": {
        "p": [
          2.9716981132075477,
          2.681132075471699,
          2.471792452830189,
          2.4311792452830194,
          2.496886792452831,
          2.986556603773585,
          4.001886792452831,
          5.3886792452830194,
          6.524528301886793,
          5.781603773584907,
          5.0023584905660385,
          4.576415094339623,
          4.513018867924528,
          4.22806603773585,
          3.993962264150943,
          4.206603773584907,
          4.754716981132076,
          5.837735849056605,
          6.555896226415094,
          7,
          6.957075471698115,
          6.448584905660377,
          5.547169811320755,
          4.516981132075472
        ]
      },
      "House 5": {
        "p": [
          3.8207547169811327,
          3.447169811320756,
          3.1780188679245285,
          3.1258018867924533,
          3.210283018867925,
          3.839858490566038,
          5.145283018867925,
          6.928301886792453,
          8.38867924528302,
          7.433490566037737,
          6.431603773584907,
          5.883962264150943,
          5.80245283018868,
          5.436084905660378,
          5.135094339622642,
          5.408490566037737,
          6.113207547169812,
          7.505660377358492,
          8.429009433962264,
          9,
          8.944811320754718,
          8.291037735849057,
          7.132075471698114,
          5.807547169811322
        ]
      },
      "House 6": {
        "p": [
          4.669811320754718,
          4.213207547169813,
          3.8842452830188683,
          3.8204245283018876,
          3.9236792452830196,
          4.693160377358491,
          6.28867924528302,
          8.467924528301888,
          10.252830188679246,
          9.085377358490568,
          7.860849056603775,
          7.191509433962264,
          7.091886792452831,
          6.644103773584907,
          6.276226415094339,
          6.610377358490568,
          7.471698113207548,
          9.173584905660379,
          10.302122641509435,
          11,
          10.932547169811324,
          10.133490566037736,
          8.716981132075473,
          7.09811320754717
        ]
      },
      "House 7": {
        "p": [
          2.5471698113207553,
          2.2981132075471704,
          2.118679245283019,
          2.0838679245283025,
          2.1401886792452833,
          2.5599056603773587,
          3.4301886792452834,
          4.618867924528303,
          5.59245283018868,
          4.955660377358491,
          4.287735849056604,
          3.922641509433962,
          3.8683018867924535,
          3.6240566037735853,
          3.423396226415094,
          3.6056603773584914,
          4.075471698113208,
          5.0037735849056615,
          5.61933962264151,
          6,
          5.963207547169812,
          5.527358490566038,
          4.754716981132075,
          3.8716981132075476
        ]
      },
      "House 8": {
        "p": [
          5.518867924528303,
          4.979245283018869,
          4.590471698113208,
          4.5150471698113215,
          4.637075471698114,
          5.546462264150944,
          7.4320754716981146,
          10.007547169811321,
          12.116981132075473,
          10.737264150943398,
          9.290094339622643,
          8.499056603773585,
          8.381320754716983,
          7.852122641509435,
          7.417358490566038,
          7.812264150943398,
          8.830188679245284,
          10.841509433962266,
          12.175235849056605,
          13,
          12.920283018867927,
          11.975943396226416,
          10.30188679245283,
          8.38867924528302
        ]
      },
      "House 9": {
        "p": [
          3.39622641509434,
          3.0641509433962275,
          2.824905660377359,
          2.7784905660377364,
          2.853584905660378,
          3.4132075471698116,
          4.573584905660378,
          6.158490566037736,
          7.456603773584907,
          6.607547169811322,
          5.716981132075473,
          5.230188679245283,
          5.157735849056604,
          4.832075471698114,
          4.564528301886792,
          4.807547169811322,
          5.433962264150944,
          6.671698113207548,
          7.49245283018868,
          8,
          7.950943396226417,
          7.369811320754717,
          6.339622641509434,
          5.162264150943397
        ]
      },